id,archivo,split,formato,calidad,categoria,trampa,urgencia,conflictos,ruta_esperada,dificultad
DOC-001,documentos/DOC-001.pdf,dev,pdf_nativo,limpia,informe_estudio,,baja,,historia_clinica_electronica,facil
DOC-002,documentos/DOC-002.pdf,test,pdf_nativo,limpia,orden_procedimiento,,alta,,urgencias,facil
DOC-003,documentos/DOC-003.jpg,dev,foto,leve,receta_medica,documento_mixto,baja,documento_multiple,revision_humana,dificil
DOC-004,documentos/DOC-004.pdf,dev,pdf_nativo,limpia,orden_procedimiento,,alta,,urgencias,facil
DOC-005,documentos/DOC-005.jpg,test,foto,leve,orden_procedimiento,fecha_futura,media,fecha_emision_futura,revision_humana,dificil
DOC-006,documentos/DOC-006.pdf,test,pdf_escaneado,leve,informe_estudio,,baja,,historia_clinica_electronica,media
DOC-007,documentos/DOC-007.jpg,test,foto,fuerte,receta_medica,,baja,,farmacia,dificil
DOC-008,documentos/DOC-008.pdf,test,pdf_nativo,limpia,epicrisis,,baja,,historia_clinica_electronica,facil
DOC-009,documentos/DOC-009.pdf,test,pdf_escaneado,leve,informe_estudio,,baja,,historia_clinica_electronica,media
DOC-010,documentos/DOC-010.pdf,test,pdf_escaneado,fuerte,certificado_medico,,baja,,historia_clinica_electronica,dificil
DOC-011,documentos/DOC-011.json,test,json,limpia,receta_medica,,baja,,farmacia,facil
DOC-012,documentos/DOC-012.pdf,test,pdf_escaneado,leve,receta_medica,,baja,,farmacia,media
DOC-013,documentos/DOC-013.jpg,dev,foto,leve,epicrisis,paciente_inconsistente,baja,paciente_inconsistente,revision_humana,dificil
DOC-014,documentos/DOC-014.pdf,test,pdf_nativo,limpia,informe_estudio,,baja,,historia_clinica_electronica,facil
DOC-015,documentos/DOC-015.jpg,test,foto,leve,receta_medica,cie10_inconsistente,baja,cie10_no_corresponde_diagnostico,revision_humana,dificil
DOC-016,documentos/DOC-016.pdf,dev,pdf_nativo,limpia,receta_medica,,baja,,farmacia,facil
DOC-017,documentos/DOC-017.json,test,json,limpia,receta_medica,dosis_fuera_rango,baja,dosis_fuera_de_rango,revision_humana,dificil
DOC-018,documentos/DOC-018.jpg,test,foto,leve,informe_estudio,,baja,,historia_clinica_electronica,media
DOC-019,documentos/DOC-019.pdf,dev,pdf_nativo,limpia,epicrisis,,baja,,historia_clinica_electronica,facil
DOC-020,documentos/DOC-020.pdf,dev,pdf_escaneado,fuerte,orden_procedimiento,,baja,,auditoria_autorizaciones,dificil
DOC-021,documentos/DOC-021.jpg,test,foto,leve,epicrisis,,baja,,historia_clinica_electronica,media
DOC-022,documentos/DOC-022.pdf,test,pdf_nativo,limpia,epicrisis,,baja,,historia_clinica_electronica,facil
DOC-023,documentos/DOC-023.pdf,test,pdf_escaneado,leve,orden_procedimiento,,alta,,urgencias,media
DOC-024,documentos/DOC-024.json,dev,json,limpia,informe_estudio,,baja,,historia_clinica_electronica,facil
DOC-025,documentos/DOC-025.pdf,test,pdf_escaneado,leve,informe_estudio,,baja,,historia_clinica_electronica,media
DOC-026,documentos/DOC-026.pdf,test,pdf_nativo,limpia,epicrisis,,baja,,historia_clinica_electronica,facil
DOC-027,documentos/DOC-027.pdf,test,pdf_nativo,limpia,epicrisis,,baja,,historia_clinica_electronica,facil
DOC-028,documentos/DOC-028.pdf,test,pdf_escaneado,leve,receta_medica,,baja,,farmacia,media
DOC-029,documentos/DOC-029.pdf,dev,pdf_nativo,limpia,receta_medica,,baja,,farmacia,facil
DOC-030,documentos/DOC-030.jpg,test,foto,leve,otro,,baja,,revision_humana,media
DOC-031,documentos/DOC-031.pdf,test,pdf_nativo,limpia,certificado_medico,,baja,,historia_clinica_electronica,facil
DOC-032,documentos/DOC-032.pdf,test,pdf_nativo,limpia,informe_estudio,,baja,,historia_clinica_electronica,facil
DOC-033,documentos/DOC-033.json,dev,json,limpia,informe_estudio,,baja,,historia_clinica_electronica,facil
DOC-034,documentos/DOC-034.pdf,dev,pdf_nativo,limpia,receta_medica,,baja,,farmacia,facil
DOC-035,documentos/DOC-035.json,dev,json,limpia,epicrisis,,baja,,historia_clinica_electronica,facil
DOC-036,documentos/DOC-036.pdf,test,pdf_nativo,limpia,receta_medica,,baja,,farmacia,facil
DOC-037,documentos/DOC-037.jpg,test,foto,leve,orden_procedimiento,urgencia_implicita,alta,,urgencias,dificil
DOC-038,documentos/DOC-038.pdf,dev,pdf_nativo,limpia,receta_medica,,baja,,farmacia,facil
DOC-039,documentos/DOC-039.jpg,test,foto,fuerte,receta_medica,receta_vencida,baja,receta_vencida,revision_humana,dificil
DOC-040,documentos/DOC-040.json,test,json,limpia,orden_procedimiento,,media,,auditoria_autorizaciones,facil
DOC-041,documentos/DOC-041.jpg,test,foto,fuerte,certificado_medico,,baja,,historia_clinica_electronica,dificil
DOC-042,documentos/DOC-042.jpg,test,foto,leve,epicrisis,,baja,,historia_clinica_electronica,media
DOC-043,documentos/DOC-043.jpg,dev,foto,leve,otro,,baja,,revision_humana,media
DOC-044,documentos/DOC-044.jpg,dev,foto,leve,otro,,baja,,revision_humana,media
DOC-045,documentos/DOC-045.pdf,test,pdf_nativo,limpia,informe_estudio,,alta,,urgencias,facil
DOC-046,documentos/DOC-046.jpg,test,foto,fuerte,epicrisis,,baja,,historia_clinica_electronica,dificil
DOC-047,documentos/DOC-047.pdf,test,pdf_nativo,limpia,epicrisis,,baja,,historia_clinica_electronica,facil
DOC-048,documentos/DOC-048.pdf,dev,pdf_escaneado,leve,informe_estudio,,baja,,historia_clinica_electronica,media
DOC-049,documentos/DOC-049.pdf,dev,pdf_escaneado,leve,receta_medica,,baja,,farmacia,media
DOC-050,documentos/DOC-050.pdf,dev,pdf_nativo,limpia,orden_procedimiento,,baja,,auditoria_autorizaciones,facil
DOC-051,documentos/DOC-051.pdf,test,pdf_nativo,limpia,orden_procedimiento,urgencia_implicita,alta,,urgencias,dificil
DOC-052,documentos/DOC-052.pdf,test,pdf_escaneado,fuerte,otro,,baja,,revision_humana,dificil
DOC-053,documentos/DOC-053.pdf,test,pdf_nativo,limpia,epicrisis,,baja,,historia_clinica_electronica,facil
DOC-054,documentos/DOC-054.pdf,dev,pdf_nativo,limpia,orden_procedimiento,,baja,,auditoria_autorizaciones,facil
DOC-055,documentos/DOC-055.pdf,test,pdf_escaneado,leve,orden_procedimiento,cie10_inconsistente,media,cie10_no_corresponde_diagnostico,revision_humana,dificil
DOC-056,documentos/DOC-056.pdf,test,pdf_escaneado,leve,informe_estudio,,baja,,historia_clinica_electronica,media
DOC-057,documentos/DOC-057.pdf,test,pdf_nativo,limpia,certificado_medico,,baja,,historia_clinica_electronica,facil
DOC-058,documentos/DOC-058.jpg,dev,foto,leve,epicrisis,,baja,,historia_clinica_electronica,media
DOC-059,documentos/DOC-059.json,test,json,limpia,informe_estudio,,baja,,historia_clinica_electronica,facil
DOC-060,documentos/DOC-060.pdf,dev,pdf_nativo,limpia,orden_procedimiento,,alta,,urgencias,facil
DOC-061,documentos/DOC-061.pdf,test,pdf_nativo,limpia,orden_procedimiento,,baja,,auditoria_autorizaciones,facil
DOC-062,documentos/DOC-062.pdf,dev,pdf_nativo,limpia,epicrisis,,baja,,historia_clinica_electronica,facil
DOC-063,documentos/DOC-063.pdf,test,pdf_escaneado,leve,receta_medica,,baja,,farmacia,media
DOC-064,documentos/DOC-064.pdf,dev,pdf_nativo,limpia,certificado_medico,,baja,,historia_clinica_electronica,facil
DOC-065,documentos/DOC-065.pdf,test,pdf_escaneado,fuerte,receta_medica,sin_matricula,baja,matricula_ausente,revision_humana,dificil
DOC-066,documentos/DOC-066.pdf,dev,pdf_nativo,limpia,certificado_medico,,baja,,historia_clinica_electronica,facil
DOC-067,documentos/DOC-067.jpg,dev,foto,muy_fuerte,receta_medica,ilegible,baja,baja_legibilidad,revision_humana,dificil
DOC-068,documentos/DOC-068.jpg,test,foto,leve,certificado_medico,,baja,,historia_clinica_electronica,media
DOC-069,documentos/DOC-069.pdf,dev,pdf_nativo,limpia,informe_estudio,,baja,,historia_clinica_electronica,facil
DOC-070,documentos/DOC-070.pdf,test,pdf_nativo,limpia,otro,,baja,,revision_humana,facil
DOC-071,documentos/DOC-071.pdf,test,pdf_nativo,limpia,receta_medica,,baja,,farmacia,facil
DOC-072,documentos/DOC-072.pdf,test,pdf_escaneado,fuerte,informe_estudio,,baja,,historia_clinica_electronica,dificil
DOC-073,documentos/DOC-073.jpg,test,foto,fuerte,orden_procedimiento,,baja,,auditoria_autorizaciones,dificil
DOC-074,documentos/DOC-074.pdf,test,pdf_nativo,limpia,informe_estudio,,alta,,urgencias,facil
DOC-075,documentos/DOC-075.pdf,test,pdf_nativo,limpia,certificado_medico,,baja,,historia_clinica_electronica,facil
DOC-076,documentos/DOC-076.pdf,test,pdf_nativo,limpia,receta_medica,,baja,,farmacia,facil
DOC-077,documentos/DOC-077.pdf,test,pdf_nativo,limpia,receta_medica,sin_matricula,baja,matricula_ausente,revision_humana,dificil
DOC-078,documentos/DOC-078.pdf,test,pdf_nativo,limpia,receta_medica,,baja,,farmacia,facil
DOC-079,documentos/DOC-079.json,test,json,limpia,epicrisis,,baja,,historia_clinica_electronica,facil
DOC-080,documentos/DOC-080.pdf,test,pdf_nativo,limpia,epicrisis,,baja,,historia_clinica_electronica,facil
DOC-081,documentos/DOC-081.jpg,test,foto,fuerte,receta_medica,,baja,,farmacia,dificil
DOC-082,documentos/DOC-082.pdf,test,pdf_escaneado,leve,informe_estudio,,alta,,urgencias,media
DOC-083,documentos/DOC-083.pdf,test,pdf_nativo,limpia,certificado_medico,,baja,,historia_clinica_electronica,facil
DOC-084,documentos/DOC-084.pdf,test,pdf_escaneado,fuerte,orden_procedimiento,,alta,,urgencias,dificil
DOC-085,documentos/DOC-085.pdf,test,pdf_escaneado,leve,orden_procedimiento,,baja,,auditoria_autorizaciones,media
DOC-086,documentos/DOC-086.json,dev,json,limpia,receta_medica,,baja,,farmacia,facil
DOC-087,documentos/DOC-087.pdf,test,pdf_escaneado,leve,orden_procedimiento,,alta,,urgencias,media
DOC-088,documentos/DOC-088.jpg,dev,foto,fuerte,receta_medica,,baja,,farmacia,dificil
DOC-089,documentos/DOC-089.pdf,test,pdf_escaneado,leve,receta_medica,,baja,,farmacia,media
DOC-090,documentos/DOC-090.jpg,test,foto,leve,orden_procedimiento,paciente_inconsistente,baja,paciente_inconsistente,revision_humana,dificil
DOC-091,documentos/DOC-091.jpg,test,foto,leve,informe_estudio,,alta,,urgencias,media
DOC-092,documentos/DOC-092.pdf,test,pdf_escaneado,leve,receta_medica,,baja,,farmacia,media
DOC-093,documentos/DOC-093.json,test,json,limpia,receta_medica,json_malformado,baja,json_invalido,revision_humana,dificil
DOC-094,documentos/DOC-094.pdf,test,pdf_escaneado,leve,orden_procedimiento,,alta,,urgencias,media
DOC-095,documentos/DOC-095.pdf,dev,pdf_nativo,limpia,orden_procedimiento,,media,,auditoria_autorizaciones,facil
DOC-096,documentos/DOC-096.pdf,test,pdf_escaneado,leve,receta_medica,dosis_fuera_rango,baja,dosis_fuera_de_rango,revision_humana,dificil
DOC-097,documentos/DOC-097.jpg,dev,foto,leve,informe_estudio,,baja,,historia_clinica_electronica,media
DOC-098,documentos/DOC-098.pdf,test,pdf_nativo,limpia,receta_medica,,baja,,farmacia,facil
DOC-099,documentos/DOC-099.pdf,test,pdf_escaneado,leve,informe_estudio,,baja,,historia_clinica_electronica,media
DOC-100,documentos/DOC-100.jpg,dev,foto,fuerte,certificado_medico,,baja,,historia_clinica_electronica,dificil
